{
  "fedavg": {
    "acc_mean": 0.8995402857571324,
    "acc_std": 0.002696440255140605,
    "f1_mean": 0.6739742384007255,
    "f1_std": 0.010264594079717632,
    "bytes_mean": 757200.0,
    "bytes_base_mean": 757200.0,
    "accs": [
      0.9032376500276655,
      0.9014639494055776,
      0.8959877133741164,
      0.8970529679751371,
      0.8999591480031648
    ],
    "f1s": [
      0.6915539368689242,
      0.6776307661003986,
      0.661862549430055,
      0.6722467419095246,
      0.6665771976947247
    ]
  },
  "fedprox": {
    "acc_mean": 0.8994916770520373,
    "acc_std": 0.0015439139732414818,
    "f1_mean": 0.6796214684887042,
    "f1_std": 0.011436804004837034,
    "bytes_mean": 757200.0,
    "bytes_base_mean": 757200.0,
    "accs": [
      0.8993489536200557,
      0.9012312481577818,
      0.8966496191456245,
      0.9002125338063202,
      0.9000160305304037
    ],
    "f1s": [
      0.6936680679778281,
      0.6917437395055943,
      0.6641415267748284,
      0.6768256137708519,
      0.6717283944144183
    ]
  },
  "compression_only": {
    "acc_mean": 0.8975007885986731,
    "acc_std": 0.0024140094637065596,
    "f1_mean": 0.6613880151610327,
    "f1_std": 0.004729349457988573,
    "bytes_mean": 101646.4,
    "bytes_base_mean": 757200.0,
    "accs": [
      0.8934021439541631,
      0.9003159565831182,
      0.8963238373987104,
      0.8987542726534665,
      0.8987077324039073
    ],
    "f1s": [
      0.6637079677730117,
      0.6669347730243794,
      0.6569004629902304,
      0.6547065651844572,
      0.6646903068330848
    ]
  },
  "encryption_only": {
    "acc_mean": 0.9085246223775861,
    "acc_std": 0.018362293188961074,
    "f1_mean": 0.6893154359731308,
    "f1_std": 0.028521030142633515,
    "bytes_mean": 757200.0,
    "bytes_base_mean": 757200.0,
    "accs": [
      0.9032738479995449,
      0.9014691205444175,
      0.8959928845129563,
      0.8970374545586175,
      0.944849804272395
    ],
    "f1s": [
      0.6918615270528355,
      0.6776372697581443,
      0.6618717268675216,
      0.6722314996833667,
      0.7429751565037861
    ]
  },
  "hsfl": {
    "acc_mean": 0.8969226552763715,
    "acc_std": 0.002114901969626482,
    "f1_mean": 0.6590664302953988,
    "f1_std": 0.00392532728325176,
    "bytes_mean": 101609.6,
    "bytes_base_mean": 757200.0,
    "accs": [
      0.8935262512863208,
      0.899555799173652,
      0.8962979817045108,
      0.8987439303757867,
      0.8964893138415874
    ],
    "f1s": [
      0.6637367366932894,
      0.6561791087761908,
      0.6568630467458961,
      0.6546968197324443,
      0.663856439529173
    ]
  }
}