{
  "expA_summary": {
    "fedavg": {
      "acc_mean": 0.8995402857571324,
      "acc_std": 0.002696440255140605,
      "f1_mean": 0.6739742384007255,
      "f1_std": 0.010264594079717632,
      "bytes_mean": 757200.0,
      "reduction_pct": 0.0
    },
    "fedprox": {
      "acc_mean": 0.8994916770520373,
      "acc_std": 0.0015439139732414818,
      "f1_mean": 0.6796214684887042,
      "f1_std": 0.011436804004837034,
      "bytes_mean": 757200.0,
      "reduction_pct": 0.0
    },
    "compression_only": {
      "acc_mean": 0.8975007885986731,
      "acc_std": 0.0024140094637065596,
      "f1_mean": 0.6613880151610327,
      "f1_std": 0.004729349457988573,
      "bytes_mean": 101646.4,
      "reduction_pct": 86.57601690438457
    },
    "encryption_only": {
      "acc_mean": 0.9085246223775861,
      "acc_std": 0.018362293188961074,
      "f1_mean": 0.6893154359731308,
      "f1_std": 0.028521030142633515,
      "bytes_mean": 757200.0,
      "reduction_pct": 0.0
    },
    "hsfl": {
      "acc_mean": 0.8969226552763715,
      "acc_std": 0.002114901969626482,
      "f1_mean": 0.6590664302953988,
      "f1_std": 0.00392532728325176,
      "bytes_mean": 101609.6,
      "reduction_pct": 86.58087691494981
    }
  },
  "expA_significance": {
    "fedavg": {
      "t_acc": -1.3196836643457068,
      "p_acc": 0.25740302088974104,
      "wp_acc": 0.3125,
      "t_f1": -3.0978911872647727,
      "p_f1": 0.036295263505658266
    },
    "fedprox": {
      "t_acc": -2.676223859508823,
      "p_acc": 0.05544580743497764,
      "wp_acc": 0.0625,
      "t_f1": -3.5978319079011967,
      "p_f1": 0.022802116284621567
    },
    "compression_only": {
      "t_acc": -1.31868049337724,
      "p_acc": 0.25770799349614926,
      "wp_acc": 0.3125,
      "t_f1": -1.0978681918968878,
      "p_f1": 0.3339103604169092
    },
    "encryption_only": {
      "t_acc": -1.234185329270932,
      "p_acc": 0.284687154702203,
      "wp_acc": 0.3125,
      "t_f1": -2.366105199912748,
      "p_f1": 0.0771476380400863
    }
  },
  "expB_table": {
    "0.0": {
      "fedavg": {
        "acc_mean": 0.9002297709357866,
        "acc_std": 0.003085751420274662
      },
      "hsfl": {
        "acc_mean": 0.8964600107214945,
        "acc_std": 0.0024642175205885903
      },
      "hsfl_no_detect": {
        "acc_mean": 0.8964600107214945,
        "acc_std": 0.0024642175205885903
      }
    },
    "0.2": {
      "fedavg": {
        "acc_mean": 0.16553677283014706,
        "acc_std": 0.13782552714349794
      },
      "hsfl": {
        "acc_mean": 0.16775174396657377,
        "acc_std": 0.137446737302035
      },
      "hsfl_no_detect": {
        "acc_mean": 0.23369065902717087,
        "acc_std": 0.16312360611546314
      }
    },
    "0.4": {
      "fedavg": {
        "acc_mean": 0.13945527223460422,
        "acc_std": 0.0
      },
      "hsfl": {
        "acc_mean": 0.24215064216925827,
        "acc_std": 0.17009029022089994
      },
      "hsfl_no_detect": {
        "acc_mean": 0.07666730444045693,
        "acc_std": 0.06556817115921236
      }
    }
  },
  "expC_table": {
    "0.3": {
      "fedavg": {
        "acc_mean": 0.9006538043206588,
        "acc_std": 0.031643333457228445
      },
      "hsfl": {
        "acc_mean": 0.9060335124271086,
        "acc_std": 0.024504442809581726
      }
    },
    "0.6": {
      "fedavg": {
        "acc_mean": 0.8983250681297542,
        "acc_std": 0.0015878512091324838
      },
      "hsfl": {
        "acc_mean": 0.897139153622469,
        "acc_std": 0.0016182736378422748
      }
    },
    "1.0": {
      "fedavg": {
        "acc_mean": 0.9002297709357866,
        "acc_std": 0.003085751420274662
      },
      "hsfl": {
        "acc_mean": 0.8964600107214945,
        "acc_std": 0.0024642175205885903
      }
    }
  }
}